strategy,zone,imbalance_usd,abs_imbalance_usd,da_cost_usd,energy_mwh,usd_per_mwh,pct_of_da_cost,slots
persist_2d,CAPITL,7885205.336077903,25341295.331153683,884776789.0515709,11366787.989040287,0.693705675137138,0.8912084306065922,35035
persist_2d,CENTRL,7518029.868032228,27116809.814024128,1072595078.8018857,14567768.502498657,0.5160728540368238,0.7009196682526314,35035
persist_2d,DUNWOD,4259159.707638427,14974797.867627615,455738626.2160159,5829817.670590652,0.7305819749945811,0.9345619314742096,35035
persist_2d,GENESE,2966443.61568251,16526630.262241362,636791223.8371979,9292924.455284199,0.3192152943840744,0.4658424150080485,35035
persist_2d,HUD VL,9807990.935111575,27558863.716240447,770731964.4190145,9664296.567774497,1.0148685800698858,1.2725553613836345,35035
persist_2d,LONGIL,21131922.894992724,61618475.78358656,1576805400.5393214,20190076.18816293,1.0466489922104396,1.3401731683418183,35035
persist_2d,MHK VL,5006146.8390735835,16611145.696077714,559825737.4374138,7037957.942043193,0.711306728499751,0.894233062950817,35035
persist_2d,MILLWD,2444725.4764981894,8538493.915768694,218719571.95147917,2677772.457886052,0.9129698340493652,1.117744267093083,35035
persist_2d,N.Y.C.,21237930.96964864,110731608.65939395,3916426129.1739583,51009600.132907294,0.41635164585318196,0.5422783494228215,35035
persist_2d,NORTH,1193115.3037632147,6593285.184553212,387148026.68444467,5237478.464034171,0.22780338133251568,0.3081806496551499,35035
persist_2d,WEST,2507095.9380164696,19113971.122461334,921989073.9500691,14422570.399168884,0.1738314231533197,0.27192252151919133,35035
persist_7d,CAPITL,462260.4327739301,31902979.213538624,870338698.9798014,11366701.003581954,0.04066795041307582,0.05311270581393027,35035
persist_7d,CENTRL,1705352.5212079778,35527188.655176565,1054022360.6643692,14567554.85475699,0.11706511753076393,0.1617947194339467,35035
persist_7d,DUNWOD,1762781.32297602,20414295.3754127,447410308.59187555,5829745.000665652,0.3023770890107101,0.39399658191246917,35035
persist_7d,GENESE,2001011.567406022,19978395.093302578,627265831.5719886,9292818.148242531,0.21532882011518278,0.3190053509516522,35035
persist_7d,HUD VL,2562465.3141831495,38089133.65609971,752212244.4294053,9664166.04775783,0.26515120927352687,0.34065721917713815,35035
persist_7d,LONGIL,11122113.047173062,79171255.82089707,1545281923.2265527,20189878.262346264,0.5508756864530278,0.7197465316846561,35035
persist_7d,MHK VL,1209914.1660695558,21180551.349054962,550556369.2291708,7037802.669343193,0.17191646639084748,0.2197620868074864,35035
persist_7d,MILLWD,533027.5750180213,11765698.034901999,213091545.857838,2677710.851144385,0.1990609160769614,0.25014017936386157,35035
persist_7d,N.Y.C.,3712584.1115473136,144125243.87231514,3855072178.245404,51009275.55445729,0.07278252967117273,0.09630388070287851,35035
persist_7d,NORTH,-698588.6211916483,7889420.813892346,383062773.7947321,5237437.970959171,-0.1333836553416423,-0.18236922744312237,35035
persist_7d,WEST,2123698.7580363452,22235814.91324799,913656975.5711782,14422423.145502217,0.1472497885141196,0.23243939627437335,35035
mean_7_14,CAPITL,-642771.2681224362,33578072.6733013,860502450.4326323,11367851.100840287,-0.05654290000991691,-0.07469720368597114,35039
mean_7_14,CENTRL,416131.8261598143,36932923.92896029,1043954661.4942437,14569153.090515323,0.02856252683834592,0.039861101397276416,35039
mean_7_14,DUNWOD,1560471.7727363694,20888325.662617058,442721092.6203684,5830282.248757319,0.2676494389390792,0.352472877111023,35039
mean_7_14,GENESE,1459293.1183352259,20836863.514281016,622253304.1347865,9293781.730667531,0.15701822580143715,0.23451753628922922,35039
mean_7_14,HUD VL,1768615.8731153794,39940240.09916011,741736631.10893,9665110.928899497,0.1829897128057857,0.23844256828346447,35039
mean_7_14,LONGIL,14670346.404418917,76973408.91091172,1532889325.4864478,20191687.893679596,0.7265537423947124,0.9570388520882566,35039
mean_7_14,MHK VL,-342180.30380011094,22139615.002433274,542537075.0293468,7038633.356943193,-0.04861459411898056,-0.06307040007940504,35039
mean_7_14,MILLWD,486719.61633655353,11927893.45013811,210628336.17463067,2678009.804611052,0.18174676414496682,0.23107983720339376,35039
mean_7_14,N.Y.C.,1693601.5523915796,151352066.32161707,3817672103.442578,51013756.80118229,0.03319891846021285,0.04436215333591321,35039
mean_7_14,NORTH,-1156040.76477674,8029045.894265862,380723094.49033576,5238036.30340917,-0.22070117460322528,-0.3036434567554412,35039
mean_7_14,WEST,1355210.5288860702,23051544.04279279,909034097.9429388,14423966.898768883,0.0939554658158388,0.14908247467864935,35039
isolf_pre,CAPITL,2751002.230999909,13049331.389518583,870414826.22,11367851.100840287,0.2419984398631471,0.3160564535586834,35039
isolf_pre,CENTRL,-13804.934666661153,20575851.834191944,1026072507.6925,14569153.090515323,-0.0009475454462516641,-0.0013454151205850556,35039
isolf_pre,DUNWOD,2475197.493736906,5903905.649215137,457673697.6825,5830282.248757319,0.4245416239092843,0.5408214424972296,35039
isolf_pre,GENESE,1387982.5006817684,9104608.331403872,625664886.41,9293781.730667531,0.14934528708606498,0.22184120138911226,35039
isolf_pre,HUD VL,2522927.600329877,15007520.540084966,750413405.1075,9665110.928899497,0.2610345208543971,0.3362050282095449,35039
isolf_pre,LONGIL,11331565.960601004,25293246.088889133,1585378352.37,20191687.893679596,0.5611995401408721,0.7147546794530983,35039
isolf_pre,MHK VL,325142.8234052166,10555708.13924808,540036040.58,7038633.356943193,0.04619402757844782,0.06020761559839829,35039
isolf_pre,MILLWD,1152202.468341908,3744980.8376707644,219262890.44,2678009.804611052,0.4302457990848361,0.5254890446941368,35039
isolf_pre,N.Y.C.,11587736.131492307,38625308.969719194,3950126408.325,51013756.80118229,0.2271492408734687,0.29335102054128787,35039
isolf_pre,NORTH,-349102.85596272984,5283900.448193842,394261918.2775,5238036.30340917,-0.06664765872957326,-0.08854592335164739,35039
isolf_pre,WEST,1024300.1781319818,10385368.060660068,926188434.415,14423966.898768883,0.0710137637808506,0.11059306509036157,35039
isolf_post,CAPITL,2031758.912111734,12859795.434673384,869244698.4,11367851.100840287,0.17872849442596506,0.23373843013958545,35039
isolf_post,CENTRL,-688371.5162964043,20152779.86245068,1025764240.88,14569153.090515323,-0.04724856084768178,-0.06710816080952993,35039
isolf_post,DUNWOD,2121763.324613465,5419740.668026281,459146585.785,5830282.248757319,0.36392120211087603,0.4621102258630323,35039
isolf_post,GENESE,835699.5843679184,8449584.871842695,626560474.945,9293781.730667531,0.0899202938681339,0.1333789183623938,35039
isolf_post,HUD VL,1856003.4292317347,13007962.984051948,756618580.1975,9665110.928899497,0.19203125994986026,0.24530238587945627,35039
isolf_post,LONGIL,10450636.632814994,23361844.167196356,1590353453.31,20191687.893679596,0.5175712247457159,0.6571266664692746,35039
isolf_post,MHK VL,83411.21670847193,10294730.955842573,540429585.64,7038633.356943193,0.01185048467202681,0.015434243225172947,35039
isolf_post,MILLWD,776949.0531642953,3571836.0543595934,218537336.67,2678009.804611052,0.29012181054248887,0.3555223400281111,35039
isolf_post,N.Y.C.,8285538.7146963375,36469249.91173471,3966609958.47,51013756.80118229,0.16241773267136272,0.20888211347838784,35039
isolf_post,NORTH,-292991.5676949105,4650907.4865801195,390779305.2625,5238036.30340917,-0.05593538317102103,-0.07497622411148358,35039
isolf_post,WEST,450319.7160532546,9724409.098806174,918731763.795,14423966.898768883,0.031220240535333618,0.04901536376549359,35039
isolf_pre_alpha,CAPITL,4831941.72660186,10807639.81111239,895716948.0523335,11367851.100840287,0.42505322103002324,0.5394496260351598,35039
isolf_pre_alpha,CENTRL,4707301.794408097,11903226.983276099,1082609905.2751603,14569153.090515323,0.3231005786789763,0.4348105232984794,35039
isolf_pre_alpha,DUNWOD,3000554.5944677712,6519252.5883812085,463827411.89923936,5830282.248757319,0.5146499717243221,0.6469118722805465,35039
isolf_pre_alpha,GENESE,3524218.7845758563,7751147.134584256,643997518.8423411,9293781.730667531,0.37920180252853075,0.5472410500759446,35039
isolf_pre_alpha,HUD VL,4259386.743006354,11564759.250216598,779483787.9251573,9665110.928899497,0.4406971398818019,0.5464368610338978,35039
isolf_pre_alpha,LONGIL,12885736.698673824,25097305.04720058,1606298399.91993,20191687.893679596,0.6381703583437083,0.802200680727575,35039
isolf_pre_alpha,MHK VL,2601571.25257996,7985650.654019102,565472124.0336435,7038633.356943193,0.36961312241298444,0.46007064575037765,35039
isolf_pre_alpha,MILLWD,1679290.57921668,4078201.022085918,222848741.66254887,2678009.804611052,0.627066628481062,0.7535562313201498,35039
isolf_pre_alpha,N.Y.C.,15501121.255911475,43543411.15277558,3984446030.0926585,51013756.80118229,0.30386159004765206,0.3890408136749438,35039
isolf_pre_alpha,NORTH,-411121.71008515067,4722151.620785293,384655966.2562816,5238036.30340917,-0.07848775500421265,-0.10688036743234497,35039
isolf_pre_alpha,WEST,2300629.226184515,8777981.12906677,920251830.5760404,14423966.898768883,0.15950045104310925,0.249999961939159,35039
model,CAPITL,5999045.97844205,12055840.1945966,913199702.5005264,11367851.100840287,0.527720316287272,0.656925967235364,35039
model,CENTRL,3932630.8712687492,12995362.397633614,1089525516.7848558,14569153.090515323,0.2699285845125023,0.36094894618657286,35039
model,DUNWOD,2353278.018815102,6470496.044597157,468492281.72166836,5830282.248757319,0.4036302049213288,0.5023088128937813,35039
model,GENESE,2297571.5484452723,7376770.25724608,648945033.8054776,9293781.730667531,0.24721600044293787,0.3540471732978811,35039
model,HUD VL,2735825.1487018038,12778382.962573078,777273749.3163764,9665110.928899497,0.2830619502277471,0.3519770416932261,35039
model,LONGIL,11436267.380694708,30288863.462057628,1603206709.0712411,20191687.893679596,0.5663849124903763,0.7133370460581399,35039
model,MHK VL,2305085.7482194626,8596584.800935231,575084604.2695438,7038633.356943193,0.32749052711285676,0.4008255013446791,35039
model,MILLWD,1283450.2193828167,4000135.2095909077,226175110.10019648,2678009.804611052,0.4792552354263027,0.567458646892774,35039
model,N.Y.C.,4749821.684728377,42861778.73283598,3953456004.337407,51013756.80118229,0.09310864328694755,0.1201435321277703,35039
model,NORTH,-114423.28975290894,5233146.667698957,385224359.45731056,5238036.30340917,-0.021844692003840573,-0.029703025508071225,35039
model,WEST,3788027.7751467843,11267655.535979174,954175995.4091802,14423966.898768883,0.2626203874240796,0.3969946627636929,35039
model_alpha_bid,CAPITL,5887838.753229148,12062332.946713416,904726132.2002183,11367851.100840287,0.5179377088070701,0.6507868562291239,35039
model_alpha_bid,CENTRL,3912255.082280933,13516858.132386446,1081280504.508163,14569153.090515323,0.2685300276532789,0.3618168519611368,35039
model_alpha_bid,DUNWOD,2471196.345226794,6618491.615001075,465414581.1782565,5830282.248757319,0.42385535378729067,0.5309666789920171,35039
model_alpha_bid,GENESE,2293952.635086985,7419145.894045683,643511010.5128229,9293781.730667531,0.24682660961548322,0.35647449656827196,35039
model_alpha_bid,HUD VL,2789320.7661021603,13459584.267006382,769831314.7021402,9665110.928899497,0.28859687039512977,0.36232882617686085,35039
model_alpha_bid,LONGIL,11544267.61086122,32278412.53103845,1595033374.1833663,20191687.893679596,0.571733659496332,0.7237633893881196,35039
model_alpha_bid,MHK VL,2345717.5741275186,8687759.89462808,569336434.6542695,7038633.356943193,0.333263213918311,0.4120090391811934,35039
model_alpha_bid,MILLWD,1364479.2317684514,4169162.2689703936,224176841.42548695,2678009.804611052,0.5095124108280198,0.6086619934030894,35039
model_alpha_bid,N.Y.C.,5353060.94643376,45948347.03927052,3933330003.93837,51013756.80118229,0.10493367440662002,0.13609488502296627,35039
model_alpha_bid,NORTH,-39005.74887527836,5467108.471140747,382343473.9903752,5238036.30340917,-0.0074466358413536595,-0.01020175615087398,35039
model_alpha_bid,WEST,3241587.423632608,10266005.105880287,943032675.4275323,14423966.898768883,0.22473619402920872,0.34374073222468193,35039
model_alpha_emp,CAPITL,5336723.486921137,12141601.586277146,896689545.8294878,11367851.100840287,0.4694575465126085,0.5951584371360514,35039
model_alpha_emp,CENTRL,4471496.425361527,13501459.058290912,1082010781.092605,14569153.090515323,0.30691532977798963,0.41325802880136264,35039
model_alpha_emp,DUNWOD,2024094.2418524178,6518879.480505522,462481946.71006906,5830282.248757319,0.3471691687454477,0.43765908188440633,35039
model_alpha_emp,GENESE,2619568.835928557,7604187.899155079,643703221.7999429,9293781.730667531,0.2818625304362947,0.40695288561763565,35039
model_alpha_emp,HUD VL,3094854.6641863445,13092198.274314046,776978155.7210203,9665110.928899497,0.32020891296058157,0.3983193917870677,35039
model_alpha_emp,LONGIL,11374947.475603089,31638186.54198098,1595350773.7945626,20191687.893679596,0.563348023973948,0.7130060462218993,35039
model_alpha_emp,MHK VL,1695252.1936704975,8825672.614647232,562414398.9635252,7038633.356943193,0.24084962345683655,0.30142403835938086,35039
model_alpha_emp,MILLWD,1298018.4740807735,4252382.649815781,222363320.88149035,2678009.804611052,0.48469519112507314,0.5837376726229768,35039
model_alpha_emp,N.Y.C.,6294818.850626285,43965912.32838684,3971004451.90758,51013756.80118229,0.12339453601034137,0.1585195616590759,35039
model_alpha_emp,NORTH,459208.2746869603,5047836.387233638,384495982.6503688,5238036.30340917,0.08766802062599015,0.11943122825928956,35039
model_alpha_emp,WEST,2441961.8071357254,10200478.7918889,923238287.1617662,14423966.898768883,0.16929890537561842,0.26449962497145163,35039
